run_time_utc,bar_time,close,pred,signal,action,live_mode
2026-09-06T17:40:51.212252+00:00,2026-09-04 15:55:00-04:00,770.18,0.00043253512779022746,LONG,OPEN_LONG,False
2026-09-06T17:41:48.168580+00:00,2026-09-04 15:55:00-04:00,770.18,0.00043253512779022746,LONG,NONE,False
2026-09-07T23:07:06.707420+00:00,2026-09-04 15:55:00-04:00,770.18,0.00043253512779022746,LONG,OPEN_LONG,False
2026-09-08T16:55:15.733706+00:00,2026-09-08 12:50:00-04:00,767.24,6.607811064631932e-05,FLAT,NONE,False
2026-09-08T19:39:51.809402+00:00,2026-09-08 15:35:00-04:00,766.925,0.00016382321314132944,LONG,NONE,False
2026-09-08T22:01:39.850405+00:00,2026-09-08 15:55:00-04:00,766.06,0.0006457041076179396,LONG,NONE,False
2026-09-09T16:57:10.417460+00:00,2026-09-09 12:55:00-04:00,762.73,9.803297356879924e-05,FLAT,NONE,False
2026-09-09T19:35:16.451666+00:00,2026-09-09 15:30:00-04:00,763.03,0.00014197078431905485,FLAT,NONE,False
2026-09-09T21:55:43.027244+00:00,2026-09-09 15:55:00-04:00,762.425,0.0003859039812553327,LONG,NONE,False
2026-09-10T16:45:52.404438+00:00,2026-09-10 12:40:00-04:00,758.86,-5.9695539709413205e-05,FLAT,NONE,False
